Base,Target,Pearson,k,b,Final length,Max up bound
GOOG,NFLX,0.4551844213859079,0.0625026589822571,-0.6659538108972555,590,619
