Base,Target,Pearson,k,b,Final length,Max up bound
GOOG,AAPL,0.7220371286138604,0.38724241312809826,-0.5267827158555677,530,556
