Base,Target,Pearson,k,b,Length,Pearson(sub)
niuzhuan,hengxiang ,0.34488527172923694,0.19371509552001953,0.15106388070309218,188524,0.9880015633299417
