Base,Target,Pearson,k,b,Length,Pearson(sub)
lingxing,hengxiang ,0.7740585836821601,0.7599592208862305,-0.0644357218978351,201232,0.9635453997666604
角速度,速度,0.09694017592165943,-0.32782554626464844,0.8646789933304225,10845,-0.9405228342960716
速度,角速度,0.09694017592165938,0.059604644775390625,-0.4364027194175596,17419,0.04355169975233247
