Base,Target,Pearson,k,b,Length,Pearson(sub)
角速度,速度,0.09694017592165943,-0.35762786865234375,0.7591813962016156,12666,-0.9962245617703419
