Base,Target,Pearson,k,b,Length,Pearson(sub)
lingxing,niuzhuan,0.7268111668433446,0.7599592208862305,-0.02270464434789667,257707,0.9953137151779199
