Base,Target,Pearson,k,b,Length,Pearson(sub)
hengxiang ,niuzhuan,0.34488527172923705,0.17136335372924805,0.036565186786829115,91523,0.7325973161982119
