Base,Target,Pearson,k,b,Length,Pearson(sub)
hengxiang ,niuzhuan,0.34488527172923705,0.1043081283569336,0.08762878551463504,137386,0.44336041989780595
