Base,Target,Pearson,k,b,Length,Pearson(sub)
hengxiang ,lingxing,0.7740585836821601,0.6258487701416016,0.1949269770011095,242127,0.9931489395776453
