Base,Target,Pearson,k,b,Length,Pearson(sub)
lingxing,hengxiang ,0.7740585836821601,0.7003545761108398,0.01751217219865016,258522,0.9809251606575995
