Base,Target,Pearson,k,b,Length,Pearson(sub)
hengxiang ,cegun,0.12551188793904058,-0.5066394805908203,0.4038406175687801,187716,-0.9646501875344053
