Base,Target,Pearson,k,b,Length,Pearson(sub)
hengxiang ,niuzhuan,0.34488527172923705,0.16391277313232422,0.2203940998876326,181446,0.7325973161982119
