Base,Target,Pearson,k,b,Length,Pearson(sub)
cegun,lingxing,0.5462030293654552,0.5811452865600586,-0.1711862271072129,210393,0.9917776291686798
