Base,Target,Pearson,k,b,Length,Pearson(sub)
fuchen,lingxing,-0.06308577112231883,-0.11175870895385742,0.1433997857686758,202227,-0.9785762987449558
